CACODE	CONSTITUENCY_C	CONSTITUENCY_E	CAND_NUM	NAME_E	NAME_C	AFFILIATION
A01	中環	chungwan	1	huichifung	許智峯	民主黨
A01	中環	chungwan	2	lauwaiyanvienna	劉尉欣	獨立建制派
A02	半山東	midlevelseast	1	ngsiuhong	吳兆康	民主黨
A02	半山東	midlevelseast	2	cheungyickhungjackie	張翼雄	香港島各界聯合會
A03	衛城	castleroad	1	chenglaiking	鄭麗琼	民主黨
A03	衛城	castleroad	2	nglungfei	吳龍飛	自由黨
A04	山頂	peak	1	chanshumoon	陳樹滿	2047香港監察/傘後組織
A04	山頂	peak	2	chanholimjoseph	陳浩濂	自由黨
A05	大學	university	1	lauedwardwaitak	劉偉德	西環飛躍動力/傘後組織
A05	大學	university	2	chanchitkwai	陳捷貴	新論壇
A06	堅摩	kennedytown&mountdavis	1	sincheuknam	冼卓嵐	民主黨
A06	堅摩	kennedytown&mountdavis	2	chowsaikit	周世傑	青年新政/傘後組織
A06	堅摩	kennedytown&mountdavis	3	chanhokfung	陳學鋒	民建聯
A07	觀龍	kwunlung	1	leungchunghangsixtus	梁頌恆	青年新政/傘後組織
A07	觀龍	kwunlung	2	yeunghoiwing	楊開永	民建聯
A08	西環	saiwan	1	chongwingfaiwinfield	莊榮輝	民主黨
A08	西環	saiwan	2	cheungkwokkwan	張國鈞	民建聯
A09	寶翠	belcher	1	yipwingshing	葉永成	香港島各界聯合會
A09	寶翠	belcher	2	yeungsuiyin	楊浩然	民主黨
A10	石塘咀	shektongtsui	1	yipkamlungsam	葉錦龍	西環飛躍動力/傘後組織
A10	石塘咀	shektongtsui	2	chanchoihi	陳財喜	新論壇/社區18
A11	西營盤	saiyingpun	1	loyeehang	盧懿杏	民建聯
A11	西營盤	saiyingpun	2	ngwingtak	伍永德	西環飛躍動力/傘後組織
A12	上環	sheungwan	1	luihungpan	呂鴻賓	香港島各界聯合會
A12	上環	sheungwan	2	kamnaiwai	甘乃威	民主黨
A13	東華	tungwah	1	siukayi	蕭嘉怡	民建聯
A13	東華	tungwah	2	hochunkifrederick	何俊麒	民主黨
A14	正街	centrestreet	1	cheungkaiyin	張啟昕	民主黨
A14	正街	centrestreet	2	leechihangsidney	李志恒	香港島各界聯合會
A15	水街	waterstreet	1	yeunghokming	楊學明	民建聯
A15	水街	waterstreet	2	nghoiyanbonnie	伍凱欣	民主黨
B01	軒尼詩	hennessy	1	chengkikin	鄭其建	獨立民主派
B01	軒尼詩	hennessy	2	cheongmanlei	張曼莉	獨立建制派
B02	愛群	oikwan	1	wongsuilung	黃瑞龍	撐傘落區/傘後組織
B02	愛群	oikwan	2	tangkingyunganna	鄭琴淵	民建聯
B03	鵝頸	canalroad	1	hogloriawingka	何詠嘉	獨立民主派
B03	鵝頸	canalroad	2	chungkamanjacqueline	鍾嘉敏	民建聯
B04	維園	victoriapark	1	chowkitbing	周潔冰	民建聯
B05	天后	tinhau	1	leemanlungjoey	李文龍	新民黨
B05	天后	tinhau	2	chankinkwok	陳建國	民主黨
B06	銅鑼灣	causewaybay	1	ngyuenting	伍婉婷	香港島各界聯合會
B07	大坑	taihang	1	wongchingchigigi	王政芝	新民黨
B07	大坑	taihang	2	yeungsuetyingclarisse	楊雪盈	灣仔好日誌/傘後組織
B08	渣甸山	jardineslookout	1	lamwaimanwind	林偉文	自由黨
B08	渣甸山	jardineslookout	2	laidavid	黎大偉	獨立民主派
B09	樂活	broadwood	1	makkwokfungmichael	麥國風	社民連
B09	樂活	broadwood	2	siuseekong	蕭思江	港民黨
B09	樂活	broadwood	3	tsewaichunpaul	謝偉俊	獨立建制派
B10	跑馬地	happyvalley	1	ngkamchun	吳錦津	香港島各界聯合會
B10	跑馬地	happyvalley	2	chienkawokelvin	錢家和	2047香港監察/傘後組織
B11	司徒拔道	stubbsroad	1	wongwangtai	黃宏泰	香港島各界聯合會
B11	司徒拔道	stubbsroad	2	aulaichong	區麗莊	灣仔廣義/傘後組織
B12	修頓	southorn	1	yeungyaufung	楊幼峰	獨立民主派
B12	修頓	southorn	2	leepikyee	李碧儀	香港島各界聯合會
B13	大佛口	taifathau	1	leekwunyeekenny	李均頤	民建聯
B13	大佛口	taifathau	2	leungpakkin	梁柏堅	灣仔廣義/傘後組織
C01	太古城西	taikooshingwest	1	chiukayinandrew	趙家賢	民主黨
C01	太古城西	taikooshingwest	2	ngchilung	吳志隆	明勢智庫
C02	太古城東	taikooshingeast	1	tsetszkei	謝子祺	新民黨
C02	太古城東	taikooshingeast	2	wongchunsingpatrick	王振星	太古社區工程/傘後組織
C03	鯉景灣	leikingwan	1	wonghukkam	王學今	工黨
C03	鯉景灣	leikingwan	2	yeungszechun	楊斯竣	獨立建制派
C03	鯉景灣	leikingwan	3	fuyuencheungalexander	傅元章	獨立建制派
C03	鯉景灣	leikingwan	4	hochiukwongpaul	何超光	不明確
C04	愛秩序灣	aldrichbay	1	nganchunlim	顏尊廉	民建聯
C04	愛秩序灣	aldrichbay	2	chankarpak	陳嘉栢	民主黨
C05	筲箕灣	shaukeiwan	1	leungwingsze	梁詠詩	筲箕灣民主關注組/傘後組織
C05	筲箕灣	shaukeiwan	2	lamsumlim	林心亷	民建聯
C05	筲箕灣	shaukeiwan	3	poonwingyin	潘詠妍	新青年聯盟
C06	阿公岩	akungngam	1	toboonmandaniel	杜本文	獨立
C06	阿公岩	akungngam	2	lamkeitunggeorge	林其東	獨立建制派
C06	阿公岩	akungngam	3	hungchikit	洪志傑	民建聯
C07	杏花邨	hengfachuen	1	yeungwaihong	楊偉康	不明確
C07	杏花邨	hengfachuen	2	chowwingyee	周詠儀	杏花邨居民關注組/傘後組織
C07	杏花邨	hengfachuen	3	hongaikamstanley	何毅淦	工聯會
C08	翠灣	tsuiwan	1	kukwaiyiu	古桂耀	保釣行動
C08	翠灣	tsuiwan	2	wantszfungjeff	尹梓烽	新青年聯盟
C08	翠灣	tsuiwan	3	kwanshuilung	關瑞龍	民建聯
C08	翠灣	tsuiwan	4	laileungsiukwan	黎梁笑群	香港島婦女聯會
C09	欣藍	yanlam	1	wongkinhing	黃健興	香港島各界聯合會
C10	小西灣	siusaiwan	1	wongkwokhing	王國興	工聯會
C10	小西灣	siusaiwan	2	chuyaton	朱日安	獨立建制派
C10	小西灣	siusaiwan	3	tamtakchi	譚得志	人民力量
C11	景怡	kingyee	1	wongkwanfung	黃群峰	不明確
C11	景怡	kingyee	2	yeunghonsing	楊漢成	獨立建制派
C11	景怡	kingyee	3	chanyiutak	陳耀德	獨立民主派
C11	景怡	kingyee	4	leungkwokhungdavid	梁國鴻	工聯會
C12	環翠	wantsui	1	ngyinkeung	吳彥強	公民黨
C12	環翠	wantsui	2	kungpakcheung	龔栢祥	民建聯
C13	翡翠	feitsui	1	lilee	李莉	獨立建制派
C13	翡翠	feitsui	2	laichikeongjoseph	黎志強	公民黨
C13	翡翠	feitsui	3	luichiman	呂志文	不明確
C14	柏架山	mountparker	1	wongkinpan	黃建彬	民建聯
C15	寶馬山	braemarhill	1	shiukafai	邵家輝	自由黨
C16	炮台山	fortresshill	1	lowingkwan	羅榮焜	香港島各界聯合會
C17	城市花園	citygarden	1	huichingon	許清安	香港島各界聯合會
C18	和富	provident	1	kwokwaikeung	郭偉强	工聯會
C19	堡壘	fortstreet	1	hunglincham	洪連杉	民建聯
C20	錦屏	kamping	1	choysoyuk	蔡素玉	民建聯
C21	丹拿	tanner	1	chengtathung	鄭達鴻	公民黨
C21	丹拿	tanner	2	tsangcheukyi	曾卓兒	自由黨
C22	健康村	healthyvillage	1	cheungchising	鄭志成	民建聯
C23	鰂魚涌	quarrybay	1	ipcheetak	葉智德	獨立民主派
C23	鰂魚涌	quarrybay	2	tingkonghoeddie	丁江浩	民建聯
C24	南豐	namfung	1	yangmo	楊默	社區18
C24	南豐	namfung	2	lichaksum	李澤深	新青年聯盟
C24	南豐	namfung	3	cheungkwokcheong	張國昌	民主黨
C25	康怡	kornhill	1	wongpoyi	黃寶兒	不明確
C25	康怡	kornhill	2	leungwingman	梁穎敏	公民黨
C25	康怡	kornhill	3	hunglungchuen	洪龍荃	新民黨
C26	康山	kornhillgarden	1	kongyukfoondoreen	江玉歡	新民黨
C26	康山	kornhillgarden	2	leungsiusun	梁兆新	公民黨
C27	興東	hingtung	1	tsangkwokfai	曾國輝	工黨
C27	興東	hingtung	2	huilamhing	許林慶	工聯會
C28	西灣河	saiwanho	1	kongchackho	江澤濠	香港島各界聯合會
C28	西灣河	saiwanho	2	maktakching	麥德正	工黨
C29	下耀東	loweryiutung	1	wongchichung	王志鍾	民建聯
C29	下耀東	loweryiutung	2	ngkamwai	吳錦偉	獨立民主派
C29	下耀東	loweryiutung	3	wongszechinricky	王詩展	獨立建制派
C30	上耀東	upperyiutung	1	chiuchikeung	趙資強	工聯會
C31	興民	hingman	1	cheungchunpong	張駿邦	柴灣社區關注組/傘後組織
C31	興民	hingman	2	lauhingyeung	劉慶揚	民建聯
C32	樂康	lokhong	1	tsangkinshing	曾健成	社民連
C32	樂康	lokhong	2	lunmankit	倫文傑	不明確
C32	樂康	lokhong	3	lichunchau	李進秋	獨立建制派
C33	翠德	tsuitak	1	leechunkeung	李鎮強	自由黨
C33	翠德	tsuitak	2	likinhang	李健恆	獨立民主派
C34	漁灣	yuewan	1	chungshukunchristopher	鍾樹根	民建聯
C34	漁灣	yuewan	2	chuichikin	徐子見	獨立民主派
C35	佳曉	kaihiu	1	chikkitlingelaine	植潔鈴	獨立建制派
C35	佳曉	kaihiu	2	lamchuilin	林翠蓮	獨立建制派
D01	香港仔	aberdeen	1	manhokeungzico	文豪強	公民黨
D01	香港仔	aberdeen	2	leekithing	李傑興	不明確
D01	香港仔	aberdeen	3	yampauline	任葆琳	獨立建制派
D01	香港仔	aberdeen	4	howaichun	何偉俊	不明確
D02	鴨脷洲邨	apleichauestate	1	lamyukchun	林玉珍	香港島各界聯合會
D03	鴨脷洲北	apleichaunorth	1	leungkwokkeung	梁國強	獨立建制派
D03	鴨脷洲北	apleichaunorth	2	cheungsikyung	張錫容	香港島各界聯合會
D04	利東一	leitungi	1	wongyunkei	黃潤基	熱血公民
D04	利東一	leitungi	2	likaying	李嘉盈	民建聯
D04	利東一	leitungi	3	aunokhin	區諾軒	民主黨/鴨脷洲社區職工會
D05	利東二	leitungii	1	lokinhei	羅健熙	民主黨
D05	利東二	leitungii	2	tsoimanlungtimothy	蔡文龍	熱血公民
D05	利東二	leitungii	3	pangsiukei	彭兆基	民建聯
D05	利東二	leitungii	4	tangkalok	鄧嘉樂	不明確
D06	海怡東	southhorizonseast	1	chankalok	陳家洛	公民黨
D06	海怡東	southhorizonseast	2	lamkaifai	林啟暉	香港島各界聯合會
D06	海怡東	southhorizonseast	3	auyuenfatjoseph	區元發	海怡關注組
D07	海怡西	southhorizonswest	1	yuenmimingerica	袁彌明	人民力量
D07	海怡西	southhorizonswest	2	chanjudykapui	陳家珮	新民黨
D08	華貴	wahkwai	1	laupaktung	劉栢彤	不明確
D08	華貴	wahkwai	2	yeungsiupik	楊小壁	民主黨
D08	華貴	wahkwai	3	maktsehowlingada	麥謝巧玲	民建聯
D09	華富南	wahfusouth	1	aulapsing	歐立成	香港島各界聯合會
D09	華富南	wahfusouth	2	lisheelin	黎熙琳	民主黨
D10	華富北	wahfunorth	1	wongchoilap	黃才立	民建聯
D10	華富北	wahfunorth	2	lawyuetwah	羅月華	不明確
D10	華富北	wahfunorth	3	chaimanhon	柴文瀚	民主黨
D10	華富北	wahfunorth	4	wunkeiyan	尹杞殷	新青年聯盟
D11	薄扶林	pokfulam	1	youngchitonjeremy	楊哲安	自由黨
D11	薄扶林	pokfulam	2	zimmermanpaulusjohannes	司馬文	獨立民主派
D12	置富	chifu	1	chuchinghong	朱慶虹	香港島各界聯合會
D12	置富	chifu	2	yiuchungyim	姚松炎	城鄉共生連線
D13	田灣	tinwan	1	chanfuming	陳富明	香港島各界聯合會
D14	石漁	shekyue	1	chulapwai	朱立威	民建聯
D15	黃竹坑	wongchukhang	1	chanwingyan01	陳榮恩	工聯會
D15	黃竹坑	wongchukhang	2	tsuiyuenwa	徐遠華	民主黨
D16	海灣	baysarea	1	schausdavidjohn	SCHAUS DAVID JOHN	不明確
D16	海灣	baysarea	2	fungsegounfergus	馮仕耕	自由黨
D17	赤柱及石澳	stanley&sheko	1	tsangtszho	曾梓濠	自由黨
D17	赤柱及石澳	stanley&sheko	2	yaojieningmaxine	姚潔凝	獨立建制派
D17	赤柱及石澳	stanley&sheko	3	leepuiying	陳李佩英	香港島各界聯合會
E01	尖沙咀西	tsimshatsuiwest	1	lauchihung	劉志雄	獨立民主派/傘後組織
E01	尖沙咀西	tsimshatsuiwest	2	hungchiuwah	孔昭華	民建聯
E02	佐敦南	jordansouth	1	ipngotungchris	葉傲冬	民建聯
E02	佐敦南	jordansouth	2	luingaryeejoey	雷雅儀	香港關注會
E03	佐敦西	jordanwest	1	chansiutong	陳少棠	民建聯
E04	油麻地南	yaumateisouth	1	auyeungtung	歐陽東	民協
E04	油麻地南	yaumateisouth	2	yeungtszhei	楊子熙	民建聯
E05	富榮	charming	1	leewaifung01	李偉峰	民主黨
E05	富榮	charming	2	chungkongmo	鍾港武	民建聯
E06	旺角西	mongkokwest	1	huitakleung	許德亮	西九新動力
E07	富柏	fupak	1	yutakpo	余德寶	公民黨
E07	富柏	fupak	2	lawsiuhungpaul	羅少雄	九龍社團聯會
E08	奧運	olympic	1	kohiuwing	高曉榮	九龍社團聯會
E08	奧運	olympic	2	tokunsunjames	涂謹申	民主黨
E09	櫻桃	cherry	1	lamhoyeung	林浩揚	民主黨
E09	櫻桃	cherry	2	chungchakfai	鍾澤暉	九龍社團聯會
E09	櫻桃	cherry	3	nakadehitsujiko	中出羊子	獨立民主派/本土派
E10	大角咀南	taikoktsuisouth	1	laiyiuchun	黎耀駿	青年新政/傘後組織
E10	大角咀南	taikoktsuisouth	2	choisiufungbenjamin	蔡少峰	民建聯
E11	大角咀北	taikoktsuinorth	1	wongkaying	王嘉盈	公民黨
E11	大角咀北	taikoktsuinorth	2	laupakkei	劉柏祺	民建聯
E12	大南	tainan	1	chiuyukkwong	趙旭光	青年新政/傘後組織
E12	大南	tainan	2	fungjoshuamantao	馮文韜	民主黨
E12	大南	tainan	3	chongwingcharnfrancis	莊永燦	西九新動力/經民聯
E13	旺角北	mongkoknorth	1	wongshuming	黃舒明	西九新動力
E13	旺角北	mongkoknorth	2	wongkachun	黃家俊	青年新政/傘後組織
E14	旺角東	mongkokeast	1	tsejeffersonkeller	謝卓男	不明確
E14	旺角東	mongkokeast	2	wongkinsan	黃建新	西九新動力
E14	旺角東	mongkokeast	3	lauchunyip	劉俊業	民主黨
E15	旺角南	mongkoksouth	1	chowchunfai	仇振輝	西九新動力
E16	油麻地北	yaumateinorth	1	manyunwa	文潤華	工聯會
E16	油麻地北	yaumateinorth	2	lamkinman	林健文	民協
E17	尖東及京士柏	easttsimshatsui&king'spark	1	chanmanyuhenry	陳文佑	公共專業聯盟
E17	尖東及京士柏	easttsimshatsui&king'spark	2	tangmingsummichelle	鄧銘心	九龍社團聯會
E18	尖沙咀中	tsimshatsuicentral	1	liusiufai	廖少輝	獨立建制派
E18	尖沙咀中	tsimshatsuicentral	2	kwansauling	關秀玲	民建聯
E19	佐敦北	jordannorth	1	jochunwah	楊鎮華	民建聯
E19	佐敦北	jordannorth	2	chickchileung	戚志良	獨立民主派/傘後組織
F01	寶麗	polai	1	tsehiuhung	謝曉虹	九龍社團聯會
F01	寶麗	polai	2	leungyaufong	梁有方	民協
F02	長沙灣	cheungshawan	1	lamkafaiaaron	林家輝	西九新動力/經民聯
F02	長沙灣	cheungshawan	2	lamshuihum	林瑞含	獨立民主派
F02	長沙灣	cheungshawan	3	leemanholeos	李文浩	長沙灣社區發展力量/傘後組織
F03	南昌北	namcheongnorth	1	chengwingshunvincent	鄭泳舜	民建聯
F03	南昌北	namcheongnorth	2	chanwingfaijordan	陳永輝	人民力量
F04	石硤尾	shekkipmei	1	chankwokwai	陳國偉	西九新動力
F04	石硤尾	shekkipmei	2	tsungposhan	秦寶山	民協
F05	南昌東	namcheongeast	1	hokaimingkalvin	何啟明	民協
F05	南昌東	namcheongeast	2	miuhoiming	苗凱明	民建聯
F06	南昌南	namcheongsouth	1	lamwaitong	林偉棠	神州青年服務社
F06	南昌南	namcheongsouth	2	leewingman	李詠民	勞聯
F07	南昌中	namcheongcentral	1	laupuiyuk	劉佩玉	民建聯
F07	南昌中	namcheongcentral	2	makwaiming	麥偉明	獨立民主派
F08	南昌西	namcheongwest	1	heungminghau	香明孝	九龍社團聯會
F08	南昌西	namcheongwest	2	waiwoonnam	衞煥南	民協
F09	富昌	fucheong	1	likwing	李炯	民協
F09	富昌	fucheong	2	leungmankwong	梁文廣	西九新動力
F10	麗閣	laikok	1	chanwingyan	陳穎欣	民建聯/工聯會
F10	麗閣	laikok	2	wongchungkieric	黃仲棋	獨立民主派
F10	麗閣	laikok	3	fungkinkeefrederick	馮檢基	民協
F11	幸福	fortune	1	cheungtakwai	張德偉	民建聯
F11	幸福	fortune	2	chowwingheng	鄒穎恒	民協
F12	荔枝角南	laichikoksouth	1	yeungyuk	楊彧	民協
F12	荔枝角南	laichikoksouth	2	tanwiehonderrick	陳威雄	民建聯
F12	荔枝角南	laichikoksouth	3	muiyu	梅宇	獨立建制派
F13	美孚南	meifoosouth	1	tzengliwenjudy	曾麗文	獨立民主派
F13	美孚南	meifoosouth	2	wongtakchuenjoe	王德全	公民黨
F13	美孚南	meifoosouth	3	wongtattung	黃達東	民建聯
F14	美孚中	meifoocentral	1	ngyuetlan	伍月蘭	公民黨
F14	美孚中	meifoocentral	2	shumsiuhung	沈少雄	經民聯/西九新動力
F14	美孚中	meifoocentral	3	chanchungkongstephen	陳松光	不明確
F15	美孚北	meifoonorth	1	cheungwingsumambrose	張永森	西九新動力
F15	美孚北	meifoonorth	2	lichunheijoshua	李俊晞	公民黨
F16	荔枝角中	laichikokcentral	1	likifungbruce	李祺逢	西九新動力/經民聯
F16	荔枝角中	laichikokcentral	2	yuenhoiman	袁海文	民主黨
F17	荔枝角北	laichikoknorth	1	chumtakshing	覃德誠	民協
F17	荔枝角北	laichikoknorth	2	wusaichuen	胡世全	獨立建制派
F17	荔枝角北	laichikoknorth	3	wongking	黃敬	獨立建制派
F18	元州及蘇屋	unchau&souk	1	chanwaiming	陳偉明	民建聯
F18	元州及蘇屋	unchau&souk	2	fongchilung	方智龍	熱血公民
F19	李鄭屋	leichenguk	1	kongkwaisang	江貴生	民協
F19	李鄭屋	leichenguk	2	chankengchau	陳鏡秋	西九新動力
F20	下白田	hapaktin	1	yankaiwing	甄啟榮	西九新動力/經民聯
F20	下白田	hapaktin	2	tangmeiching	鄧美晶	社民連/社會主義行動
F21	又一村	yauyattsuen	1	chaudicksonkafaat	周嘉發	社民連
F21	又一村	yauyattsuen	2	leetszkingdominic	李梓敬	自由黨
F22	南山、大坑東及大坑西	namshan,taihangtung&taihangsai	1	waihoiying	韋海英	西九新動力
F22	南山、大坑東及大坑西	namshan,taihangtung&taihangsai	2	tamkwokkiu	譚國僑	民協
F22	南山、大坑東及大坑西	namshan,taihangtung&taihangsai	3	foowailok	符偉樂	獨立民主派
F23	龍坪及上白田	lungping&sheungpaktin	1	chengchihong	鄭志康	不明確
F23	龍坪及上白田	lungping&sheungpaktin	2	lamwaimanraymond	林偉文	工聯會
F23	龍坪及上白田	lungping&sheungpaktin	3	ngmeicarman	吳美	民協
G01	馬頭圍	matauwai	1	siutinhung	邵天虹	民建聯
G01	馬頭圍	matauwai	2	mokkahanrosanda	莫嘉嫻	民協
G02	馬坑涌	mahangchung	1	wongyuncheong	黃潤昌	工聯會
G02	馬坑涌	mahangchung	2	laushuyin	劉舒燕	獨立民主派
G02	馬坑涌	mahangchung	3	laikwongwai	黎廣偉	民協
G03	馬頭角	mataukok	1	kwanhoyeung	關浩洋	民建聯
G03	馬頭角	mataukok	2	auwingho	區咏豪	不明確
G04	樂民	lokman	1	yangwingkit	楊永杰	西九新動力
G04	樂民	lokman	2	pongyatming	龐一鳴	獨立民主派
G05	常樂	sheunglok	1	chankalingjudy	陳嘉玲	不明確
G05	常樂	sheunglok	2	lukkingkwong	陸勁光	民建聯
G05	常樂	sheunglok	3	wongwingkit	黃永傑	民協
G06	何文田	homantin	1	chengleeming	鄭利明	西九新動力
G06	何文田	homantin	2	chanlaikwan	陳麗君	民主黨
G07	嘉道理	kadoorie	1	wongchi	黃馳	獨立建制派
G07	嘉道理	kadoorie	2	lauhokwai	劉學威	不明確
G07	嘉道理	kadoorie	3	siuleongsing	蕭亮聲	民協
G08	太子	prince	1	tingkinwa	丁健華	九龍社團聯會
G09	九龍塘	kowloontong	1	hohinming	何顯明	自由黨
G10	龍城	lungshing	1	wongmansing	王民聲	不明確
G10	龍城	lungshing	2	ngpokeung	吳寶強	民建聯
G11	宋皇臺	sungwongtoi	1	yeungchunyu	楊振宇	民協
G11	宋皇臺	sungwongtoi	2	ipchiwaialexander	葉志偉	經民聯
G11	宋皇臺	sungwongtoi	3	chengchunwahgary	鄭振華	工聯會
G12	啓德北	kaitaknorth	1	leungyuenting	梁婉婷	西九新動力
G12	啓德北	kaitaknorth	2	lamheitingmiranda	林希婷	不明確
G12	啓德北	kaitaknorth	3	chanpoyuk	陳寶玉	不明確
G12	啓德北	kaitaknorth	4	litingfung	李庭豐	民協
G13	啓德南	kaitaksouth	1	hehuahan	何華漢	九龍社團聯會
G13	啓德南	kaitaksouth	2	soyeeman	蘇綺雯	民主黨
G14	海心	hoisham	1	punkwokwah	潘國華	民建聯
G14	海心	hoisham	2	leekawai	李家威	香港關注會
G15	土瓜灣北	tokwawannorth	1	shumtaifung	沈泰鋒	我們是未來/傘後組織
G15	土瓜灣北	tokwawannorth	2	lamyilai	林依麗	香港關注會
G15	土瓜灣北	tokwawannorth	3	leewaikingstarry	李慧琼	民建聯
G16	土瓜灣南	tokwawansouth	1	lampok	林博	九龍社團聯會
G16	土瓜灣南	tokwawansouth	2	chonglailing	莊麗玲	民主黨
G17	鶴園海逸	hokyuenlagunaverde	1	yeungkecheong	楊繼昌	自護聯邦
G17	鶴園海逸	hokyuenlagunaverde	2	yuecheewingadmond	余志榮	九龍社團聯會
G17	鶴園海逸	hokyuenlagunaverde	3	siuyuensheung	蕭婉嫦	民建聯
G18	黃埔東	whampoaeast	1	lawshekming	羅錫明	不明確
G18	黃埔東	whampoaeast	2	leungmeifun	梁美芬	西九新動力/經民聯
G18	黃埔東	whampoaeast	3	yauwaiching	游蕙禎	青年新政
G19	黃埔西	whampoawest	1	kwongpoyin	鄺葆賢	青年新政
G19	黃埔西	whampoawest	2	lauwaiwing	劉偉榮	西九新動力
G20	紅磡灣	hunghombay	1	licalvinkamcheong	李淦鏘	不明確
G20	紅磡灣	hunghombay	2	fungkingmanvirginia	馮競文	獨立民主派
G20	紅磡灣	hunghombay	3	chiushishun	趙仕信	工黨
G20	紅磡灣	hunghombay	4	cheungyanhong	張仁康	西九新動力
G21	紅磡	hunghom	1	yumkwoktungpius	任國棟	民協
G21	紅磡	hunghom	2	lamtakshing	林德成	民建聯
G21	紅磡	hunghom	3	wongchikeung	黃志強	不明確
G22	家維	kawai	1	lochiukit	勞超傑	西九新動力
G23	愛民	oiman	1	ngfankam	吳奮金	民建聯
G23	愛民	oiman	2	maheipang	馬希鵬	民主黨
G24	愛俊	oichun	1	chowuihung	左滙雄	西九新動力
G24	愛俊	oichun	2	chanyaucheong	陳友昌	公民黨
H01	龍趣	lungtsui	1	yeungmansekedmond	楊敏碩	獨立建制派
H01	龍趣	lungtsui	2	tsangcheukkuenjackal	曾卓權	獨立民主派
H01	龍趣	lungtsui	3	leetungkong	李東江	獨立建制派
H02	龍下	lungha	1	leeyimhung	李炎雄	九龍社團聯會
H02	龍下	lungha	2	kwoksauying	郭秀英	獨立民主派
H03	龍上	lungsheung	1	lammanfai	林文輝	工聯會
H03	龍上	lungsheung	2	lamwaikei	林偉基	民主黨
H03	龍上	lungsheung	3	chowlaicheong	周勵昌	獨立建制派
H04	鳳凰	fungwong	1	wongkamchiu	黃錦超	九龍社團聯會/創建力量
H04	鳳凰	fungwong	2	chanyimkwongjoe	陳炎光	獨立民主派
H05	鳳德	fungtak	1	kanchiho	簡志豪	民建聯
H05	鳳德	fungtak	2	wongkwokkeung	黃國強	不明確
H06	龍星	lungsing	1	ngokkingfun	岳敬寬	獨立建制派
H06	龍星	lungsing	2	howaikuen	何偉權	獨立建制派
H06	龍星	lungsing	3	lamjosephchok	林作	獨立建制派
H06	龍星	lungsing	4	tamheungman	譚香文	前綫
H07	新蒲崗	sanpokong	1	luikailinwendy	雷啟蓮	九龍社團聯會
H07	新蒲崗	sanpokong	2	watkion	屈奇安	獨立建制派
H08	東頭	tungtau	1	cheungpakhang	張百恒	不明確
H08	東頭	tungtau	2	litakhong	李德康	民建聯
H09	東美	tungmei	1	szetakloy	施德來	民協
H09	東美	tungmei	2	wongkwokyan	黃國恩	民建聯
H10	樂富	lokfu	1	yuenyuething	袁月卿	不明確
H10	樂富	lokfu	2	chanwaikwanandie	陳偉坤	九龍社團聯會/創建力量
H11	橫頭磡	wangtauhom	1	laiwingho	黎榮浩	民建聯
H12	天強	tinkeung	1	leehoyinraymond	李浩然	公民黨
H12	天強	tinkeung	2	chanontai	陳安泰	自由黨
H13	翠竹及鵬程	tsuichuk&pangching	1	sosikkin	蘇錫堅	九龍社團聯會/創建力量
H13	翠竹及鵬程	tsuichuk&pangching	2	chanyingleonard	陳英	不明確
H13	翠竹及鵬程	tsuichuk&pangching	3	leekahing	李嘉興	不明確
H14	竹園南	chukyuensouth	1	huikamshing	許錦成	民協
H14	竹園南	chukyuensouth	2	chanchaksum	陳澤森	工聯會
H15	竹園北	chukyuennorth	1	chankitbing	陳潔冰	人民力量
H15	竹園北	chukyuennorth	2	tingchiwairoy	丁志威	獨立建制派
H16	慈雲西	tszwanwest	1	leungyauking	梁祐敬	熱血公民
H16	慈雲西	tszwanwest	2	yungsingkwong	翁誠光	民主黨
H16	慈雲西	tszwanwest	3	yuenkwokkeung	袁國強	民建聯
H17	正愛	chingoi	1	chanmankimaggie	陳曼琪	民建聯
H17	正愛	chingoi	2	maktszho	麥子豪	慈雲山建設力量/傘後組織
H18	正安	chingon	1	wongyatyuk	黃逸旭	獨立民主派
H19	慈雲東	tszwaneast	1	hohonman	何漢文	民建聯
H19	慈雲東	tszwaneast	2	tamchunman	譚俊文	慈雲山建設力量/傘後組織
H20	瓊富	kingfu	1	wongchunkin	黃鎮健	工聯會
H20	瓊富	kingfu	2	wuchiwai	胡志偉	民主黨
H21	彩雲東	choiwaneast	1	wongkwoktung	黃國桐	民主黨
H21	彩雲東	choiwaneast	2	lokwaichuen	駱偉泉	不明確
H21	彩雲東	choiwaneast	3	choytszkintimothy	蔡子健	民建聯
H22	彩雲南	choiwansouth	1	shumwanwa	沈運華	民主黨
H22	彩雲南	choiwansouth	2	limeilan	李美蘭	民建聯
H23	彩雲西	choiwanwest	1	tsechikit	謝智傑	民主黨
H23	彩雲西	choiwanwest	2	tammeipo	譚美普	工聯會/民建聯
H24	池彩	chichoi	1	wuchikin	胡志健	民主黨
H24	池彩	chichoi	2	hoyinfai	何賢輝	工聯會/民建聯
H25	彩虹	choihung	1	leungtatpor	梁達波	獨立民主派
H25	彩虹	choihung	2	mokkinwing	莫健榮	工聯會
J01	觀塘中心	kwuntongcentral	1	chanwahyu	陳華裕	九龍社團聯會/創建力量
J02	九龍灣	kowloonbay	1	poonyamwaichun	潘任惠珍	獨立民主派
J03	啓業	kaiyip	1	lamsing	林誠	民主黨
J03	啓業	kaiyip	2	auyeungkwannok	歐陽均諾	民建聯
J04	麗晶	laiching	1	poonchunyuen	潘進源	民建聯
J04	麗晶	laiching	2	buxsheikanthony	畢東尼	公民黨
J05	坪石	pingshek	1	chanchunkit	陳俊傑	民建聯
J06	雙彩	sheungchoi	1	tamsiucheuk	譚肇卓	民建聯
J07	佐敦谷	jordanvalley	1	wongwaitag	黃偉達	民主黨
J07	佐敦谷	jordanvalley	2	nganmanyu	顏汶羽	民建聯
J08	順天	shuntin	1	mokkinshing	莫建成	民主黨
J08	順天	shuntin	2	kwokbitchun	郭必錚	民建聯
J09	雙順	sheungshun	1	fupikchun	符碧珍	九龍社團聯會/創建力量
J10	安利	onlee	1	choychakhung	蔡澤鴻	獨立民主派
J10	安利	onlee	2	leungtangfung	梁騰丰	民建聯
J10	安利	onlee	3	chokaifai	曹啓暉	不明確
J11	寶達	potat	1	tamholam	譚灝琳	不明確
J11	寶達	potat	2	hungkamin	洪錦鉉	民建聯
J12	秀茂坪北	saumaupingnorth	1	wongchunping	黃春平	九龍社團聯會/創建力量
J13	曉麗	hiulai	1	fungkwokkeungbonhoeffer	馮國強	獨立民主派/傘後組織
J13	曉麗	hiulai	2	solaichun	蘇麗珍	九龍社團聯會/創建力量
J14	秀茂坪南	saumaupingsouth	1	chanyiuhungjimmy	陳耀雄	九龍社團聯會
J14	秀茂坪南	saumaupingsouth	2	chengkwokchun	鄭國俊	東九龍社區關注組/傘後組織
J14	秀茂坪南	saumaupingsouth	3	kaimingwah	計明華	民主黨
J15	秀茂坪中	saumaupingcentral	1	cheungpuikong	張培剛	民建聯
J16	興田	hingtin	1	chanmankin	陳汶堅	民主黨
J16	興田	hingtin	2	loching	羅靜	工聯會
J17	藍田	lamtin	1	kanmingtung	簡銘東	工聯會
J17	藍田	lamtin	2	yaumeipo	游美寶	香港廚師聯盟/傘後組織
J18	廣德	kwongtak	1	orchongshing	柯創盛	民建聯
J19	平田	pingtin	1	yiupakleung	姚柏良	創建力量
J19	平田	pingtin	2	ngchifai	吳志輝	獨立民主派/傘後組織
J20	栢雅	paknga	1	yusuisang	余瑞生	不明確
J20	栢雅	paknga	2	hokaiming	何啟明	工聯會
J20	栢雅	paknga	3	chanyuming	陳宇明	公民黨
J21	油塘東	yautongeast	1	cheungkitang	張琪騰	民建聯
J22	油麗	yaulai	1	chengwahtungfrancis	鄭華東	不明確
J22	油麗	yaulai	2	laishuhopatrick	黎樹濠	九龍社團聯會/創建力量
J22	油麗	yaulai	3	honkaming	韓家銘	民主黨
J23	翠翔	chuicheung	1	tsesukchun	謝淑珍	獨立民主派
J23	翠翔	chuicheung	2	wongkaisan	黃啟燊	工聯會
J24	油塘西	yautongwest	1	luitunghai	呂東孩	九龍社團聯會/創建力量
J25	麗港城	lagunacity	1	tangwingchun	鄧咏駿	新論壇
J25	麗港城	lagunacity	2	tammanhojeremyjansen	譚文豪	公民黨
J26	景田	kingtin	1	cheungshunwah	張順華	九龍社團聯會/創建力量
J26	景田	kingtin	2	tongdickkan	唐廸勤	公民黨
J27	翠屏	tsuiping	1	chengkeungfung	鄭強峰	九龍社團聯會/公屋聯會
J27	翠屏	tsuiping	2	lamhochuncarol	林可珍	人民力量/前綫
J28	寶樂	polok	1	chengkengieong	鄭景陽	民主黨
J28	寶樂	polok	2	lautingon	劉定安	新論壇
J29	月華	yuetwah	1	hsuhoishan	徐海山	新論壇
J29	月華	yuetwah	2	chankamwai	陳錦威	香港廚師聯盟/傘後組織
J30	協康	hiphong	1	chauchungping	周頌平	不明確
J30	協康	hiphong	2	chanchungbunbunny	陳振彬	九龍社團聯會/創建力量
J30	協康	hiphong	3	wongyitingedith	黃綺婷	不明確
J31	康樂	honglok	1	mayatchiu	馬軼超	新論壇
J31	康樂	honglok	2	chanchakto	陳澤滔	東九龍社區關注組/傘後組織
J32	定安	tingon	1	kamkin	金堅	九龍社團聯會
J32	定安	tingon	2	wongkaiming	黃啟明	民主黨
J33	牛頭角上邨	upperngautaukokestate	1	chankokwahben	陳國華	民建聯
J33	牛頭角上邨	upperngautaukokestate	2	luichihanghendrick	呂智恆	牛頭角民生關注會/傘後組織
J34	牛頭角下邨	lowerngautaukokestate	1	wongchingfung	黃正峰	民主黨
J34	牛頭角下邨	lowerngautaukokestate	2	cheungyiupan	張姚彬	民建聯
J35	淘大	totai	1	yiphingkwok	葉興國	創建力量
J36	樂華北	lokwahnorth	1	wongchiken	黃子健	東九龍社區關注組/傘後組織
J36	樂華北	lokwahnorth	2	fungkamyuen	馮錦源	獨立建制派
J37	樂華南	lokwahsouth	1	leekahang	李嘉恒	工聯會
J37	樂華南	lokwahsouth	2	sokoonchungkevin	蘇冠聰	獨立民主派
K01	德華	takwah	1	losiukit	羅少傑	社區18
K02	楊屋道	yeungukroad	1	chanhanpan	陳恒鑌	民建聯
K02	楊屋道	yeungukroad	2	lamsektim	林錫添	荃灣社區網絡/傘後組織
K03	海濱	hoibun	1	chengpakkeung	鄭柏強	獨立建制派
K03	海濱	hoibun	2	chowpingtim	鄒秉恬	城鄉居民共和協會
K04	祈德尊	claguegarden	1	kooyeungpong	古揚邦	民建聯
K04	祈德尊	claguegarden	2	tongwingchi	湯詠芝	獨立民主派
K05	福來	fukloi	1	kotsiuyuen	葛兆源	工聯會
K06	愉景	discoverypark	1	tienmichaelpuksun	田北辰	新民黨
K06	愉景	discoverypark	2	chiuyanloy	趙恩來	工黨
K07	荃灣中心	tsuenwancentre	1	lihungpor	李洪波	民主黨
K07	荃灣中心	tsuenwancentre	2	tsangtai	曾大	民建聯
K08	荃威	allway	1	wongyuitaklouis	王鋭德	民主黨
K08	荃威	allway	2	lamyuenpun	林婉濱	新界社團聯會
K09	麗濤	laito	1	wongwaikit	黃偉傑	新界社團聯會
K09	麗濤	laito	2	chiupuisze	趙佩詩	公民黨
K10	汀深	tingsham	1	haheilok	夏希諾	工黨
K10	汀深	tingsham	2	chengchitpun	鄭捷彬	新民黨
K10	汀深	tingsham	3	chengshinglungedwin	鄭承隆	獨立建制派
K11	荃灣西	tsuenwanwest	1	chushunming	朱順明	不明確
K11	荃灣西	tsuenwanwest	2	lamlamnixie	林琳	民建聯
K11	荃灣西	tsuenwanwest	3	poonchiulam	潘昭霖	荃灣民生動力/傘後組織
K12	荃灣郊區	tsuenwanrural	1	chanwaiming01	陳偉明	獨立建制派
K12	荃灣郊區	tsuenwanrural	2	nghinlung	伍顯龍	不明確
K13	馬灣	mawan	1	tsengwentienjustin	曾文典	獨立民主派
K13	馬灣	mawan	2	lukwaileungwilliam	陸偉良	新思維
K13	馬灣	mawan	3	tamhoipong	譚凱邦	新民主同盟
K13	馬灣	mawan	4	wongchiuwahkevin	黃超華	新民黨
K14	綠楊	lukyeung	1	wongpuichi	王珮芝	新民主同盟
K14	綠楊	lukyeung	2	lamfaatkang	林發耿	新界社團聯會
K15	梨木樹東	leimukshueeast	1	chanyuensumsumly	陳琬琛	公民黨
K15	梨木樹東	leimukshueeast	2	luidikming	呂廸明	民建聯
K16	梨木樹西	leimukshuewest	1	tamtszfei	譚芷菲	工聯會
K16	梨木樹西	leimukshuewest	2	wongkawa	黃家華	公民黨
K17	石圍角	shekwaikok	1	manyuming	文裕明	新界社團聯會
K17	石圍角	shekwaikok	2	laimanfai	賴文輝	獨立民主派
K18	象石	cheungshek	1	wongchishunaden	黃志順	民主陣線
K18	象石	cheungshek	2	chanchunchung	陳振中	民建聯
K18	象石	cheungshek	3	chankawing	陳嘉榮	民主黨
L01	屯門市中心	tuenmuntowncentre	1	chiukammoon	趙金滿	不明確
L01	屯門市中心	tuenmuntowncentre	2	auchiyuen	歐志遠	新界社團聯會
L02	兆置	siuchi	1	lamchunghoi	林頌鎧	民主黨
L02	兆置	siuchi	2	lichingyee	李靜儀	民建聯
L02	兆置	siuchi	3	wongkaleung	王加良	不明確
L03	兆翠	siutsui	1	yipmanpan	葉文斌	民建聯
L03	兆翠	siutsui	2	nghonying	吳漢鷹	友愛民主發展同盟
L03	兆翠	siutsui	3	tangchunto	鄧俊滔	民主黨
L04	安定	onting	1	fungpuiyin	馮沛賢	工聯會
L04	安定	onting	2	kongfungyi	江鳳儀	民協
L05	友愛南	yauoisouth	1	chinpofun	錢寶芬	人民力量
L05	友愛南	yauoisouth	2	tsanghinhong	曾憲康	民建聯
L06	友愛北	yauoinorth	1	chanwansang	陳雲生	民建聯
L06	友愛北	yauoinorth	2	tamchunyin	譚駿賢	工黨
L06	友愛北	yauoinorth	3	lamlap	林立	獨立民主派
L07	翠興	tsuihing	1	chuyiuwah	朱耀華	新民黨
L08	山景	shanking	1	ngkoonhung	吳觀鴻	獨立建制派
L08	山景	shanking	2	honlaiyin	韓禮賢	屯門社區關注組/傘後組織
L09	景興	kinghing	1	chanyauhoi	陳有海	工聯會
L10	興澤	hingtsak	1	chanszenga	陳詩雅	屯門社區關注組/傘後組織
L10	興澤	hingtsak	2	tsuifan	徐帆	工聯會
L11	新墟	sanhui	1	hohauchun	何孝俊	獨立民主派
L11	新墟	sanhui	2	huicheukho	許卓豪	鄉事派
L11	新墟	sanhui	3	kwuhonkeung	古漢強	新界社團聯會
L12	三聖	samshing	1	leekamtim	李錦添	獨立民主派
L12	三聖	samshing	2	soshiushing	蘇炤成	新民黨
L13	恆褔	hanford	1	chushunngabeatrice	朱順雅	民主黨
L13	恆褔	hanford	2	ngaikaho	魏嘉豪	不明確
L13	恆褔	hanford	3	wongchakwah	黃澤華	不明確
L13	恆褔	hanford	4	likwaifong	李桂芳	獨立建制派
L14	富新	fusun	1	lungkangsan	龍更新	獨立建制派
L14	富新	fusun	2	lisaikeung	李世強	不明確
L14	富新	fusun	3	taiyinchiu	戴賢招	獨立建制派
L14	富新	fusun	4	cheungwaikau	張偉球	獨立民主派
L14	富新	fusun	5	kammanfung	甘文鋒	新民黨
L14	富新	fusun	6	hoyingsang	何英生	不明確
L15	悅湖	yuetwu	1	cheunghangfai	張恒輝	民建聯
L15	悅湖	yuetwu	2	yiplaimeinatalie	葉麗媚	獨立民主派
L16	兆禧	siuhei	1	haukwoktung	侯國東	民建聯
L16	兆禧	siuhei	2	yansiunam	甄紹南	民協
L17	湖景	wuking	1	leungkinman	梁健文	民建聯
L17	湖景	wuking	2	chowkailim	周啟廉	屯門社區關注組/傘後組織
L18	蝴蝶	butterfly	1	yeungchihang	楊智恒	民協
L18	蝴蝶	butterfly	2	sooikwan	蘇愛群	民建聯
L19	樂翠	loktsui	1	hokwanyiu	何君堯	獨立建制派
L19	樂翠	loktsui	2	yuenwaichung	阮偉忠	不明確
L19	樂翠	loktsui	3	chengchungtai	鄭松泰	熱血公民
L19	樂翠	loktsui	4	cheungwingwai	張永偉	不明確
L19	樂翠	loktsui	5	shumkamtim	沈錦添	新界社團聯會
L19	樂翠	loktsui	6	hochunyan	何俊仁	民主黨
L20	龍門	lungmun	1	lungshuihing	龍瑞卿	民建聯
L21	新景	sanking	1	leefungsim	李鳳嬋	民建聯
L21	新景	sanking	2	wonglaisheungcatherine	黃麗嫦	民主黨
L22	良景	leungking	1	chingchihung	程志紅	民建聯
L22	良景	leungking	2	kwuntungwing	官東榮	獨立建制派
L23	田景	tinking	1	leehungshamlothar	李洪森	工聯會
L23	田景	tinking	2	chiukimling	招儉玲	不明確
L24	寶田	potin	1	sokaman	蘇嘉雯	新民黨
L24	寶田	potin	2	chusiuhung	朱韶洪	不明確
L25	建生	kinsang	1	lamtszching	林梓晴	獨立民主派
L25	建生	kinsang	2	chanmanwah	陳文華	民建聯
L26	兆康	siuhong	1	moshingfung	巫成鋒	民建聯
L26	兆康	siuhong	2	lawhoyan	羅浩恩	不明確
L26	兆康	siuhong	3	chanshuyingjosephine	陳樹英	民主黨
L27	景峰	primeview	1	hohangmui	何杏梅	民主黨
L27	景峰	primeview	2	kwongmantik	鄺珉樀	獨立建制派
L28	富泰	futai	1	chanmanwell	陳文偉	工聯會
L28	富泰	futai	2	howaicheung	何偉祥	不明確
L29	屯門鄉郊	tuenmunrural	1	tangtaksum	鄧德森	鄉事派
L29	屯門鄉郊	tuenmunrural	2	tosheckyuen	陶錫源	城鄉居民共和協會/屯門鄉事委員會
M01	豐年	fungnin	1	luikin	呂堅	民建聯
M01	豐年	fungnin	2	wongkwokhung	黃國雄	民主陣線
M02	水邊	shuipin	1	yuenmanyee	袁敏兒	新界社團聯會
M03	南屏	namping	1	wongwaiyinzachary	黃偉賢	民主黨
M03	南屏	namping	2	cheungfanlan	張芬蘭	民建聯
M03	南屏	namping	3	chanwaiyi	陳惠儀	獨立建制派
M04	北朗	peklong	1	wongyukchun	黃玉珍	民建聯
M04	北朗	peklong	2	kwongchunyu	鄺俊宇	民主黨
M05	元朗中心	yuenlongcentre	1	lamtingwai	林廷衞	民主陣線
M05	元朗中心	yuenlongcentre	2	siulongming	蕭浪鳴	民建聯
M06	元龍	yuenlung	1	wongwaishun	王威信	新民黨
M06	元龍	yuenlung	2	chongkinshing	莊健成	經民聯
M07	鳳翔	fungcheung	1	makipsing	麥業成	民主陣線
M07	鳳翔	fungcheung	2	yuchungleung	余仲良	民建聯
M07	鳳翔	fungcheung	3	wongwai	王偉	不明確
M08	十八鄉東	shappatheungeast	1	shumhokit	沈豪傑	獨立建制派
M09	十八鄉中	shappatheungcentral	1	leungmingkin	梁明堅	城鄉居民共和協會
M10	十八鄉西	shappatheungwest	1	chingchanming	程振明	城鄉居民共和協會
M11	屏山南	pingshansouth	1	cheungmuklam	張木林	新界社團聯會
M12	屏山中	pingshancentral	1	tanghingip	鄧慶業	獨立建制派
M13	屏山北	pingshannorth	1	tangtatsin	鄧達善	鄉事派
M13	屏山北	pingshannorth	2	youngkaon	楊家安	不明確
M14	廈村	hatsuen	1	chengkamho	鄭錦豪	不明確
M14	廈村	hatsuen	2	tangkaleung	鄧家良	城鄉居民共和協會
M15	天盛	tinshing	1	chanszeching	陳思靜	新民黨
M15	天盛	tinshing	2	leungyippang	梁業鵬	獨立建制派
M16	瑞愛	shuioi	1	chautszki	周子麒	不明確
M16	瑞愛	shuioi	2	kwokkeung	郭強	民建聯
M17	瑞華	shuiwah	1	kochunkit	高俊傑	民建聯
M17	瑞華	shuiwah	2	chowwingkan	周永勤	自由黨
M18	頌華	chungwah	1	wongwailing	黃煒鈴	民建聯
M18	頌華	chungwah	2	chankakui	陳家駒	我們是未來/傘後組織
M19	悅恩	yuetyan	1	chiusauhan	趙秀嫻	新界社團聯會
M20	富恩	fuyan	1	keungkwokwai	強國偉	工黨
M20	富恩	fuyan	2	laukwaiyung	劉桂容	工聯會
M21	逸澤	yatchak	1	kwokhingping	郭慶平	獨立建制派
M21	逸澤	yatchak	2	wongyuenfai	黃遠輝	不明確
M21	逸澤	yatchak	3	wongyuchoi	黃裕材	獨立建制派
M22	天恒	tinheng	1	wongpakyu	王百羽	天水圍民生關注平台/傘後組織
M22	天恒	tinheng	2	cheungkwoktung	張國棟	不明確
M22	天恒	tinheng	3	lukchunghung	陸頌雄	工聯會
M23	宏逸	wangyat	1	yiukwokwai	姚國威	工聯會
M24	晴景	chingking	1	tangcheukhim	鄧焯謙	工聯會
M24	晴景	chingking	2	sowingchau	蘇永宙	不明確
M25	嘉湖北	kingswoodnorth	1	leeyuetman	李月民	新界社團聯會
M25	嘉湖北	kingswoodnorth	2	howaifongpolly	何惠芳	不明確
M26	慈祐	tszyau	1	chanmeilin	陳美蓮	獨立民主派
M26	慈祐	tszyau	2	chingyungfai	程容輝	民建聯
M27	耀祐	yiuyau	1	mashukyin	馬淑燕	民建聯
M27	耀祐	yiuyau	2	wongpuiyinagatha	王佩賢	不明確
M28	天耀	tinyiu	1	leungchecheung	梁志祥	民建聯
M28	天耀	tinyiu	2	leungchinhang	梁榮生	不明確
M29	嘉湖南	kingswoodsouth	1	ngyukying	吳玉英	民主黨
M29	嘉湖南	kingswoodsouth	2	chamkahungdaniel	湛家雄	社區18
M30	頌栢	chungpak	1	wongcheukkin	黃卓健	新民黨
M30	頌栢	chungpak	2	mokyimhay	莫炎熙	獨立民主派
M31	錦綉花園	fairviewpark	1	tokalun	杜嘉倫	獨立民主派
M31	錦綉花園	fairviewpark	2	leungwaikwan	梁煒堃	新思維
M31	錦綉花園	fairviewpark	3	yautaitai	邱帶娣	新界社團聯會
M32	新田	santin	1	mankwongming	文光明	新界社團聯會
M32	新田	santin	2	mankwaiki	文貴旗	獨立建制派
M33	錦田	kamtin	1	tangcheukyin	鄧卓然	城鄉居民共和協會
M34	八鄉北	patheungnorth	1	tangchikwong	鄧志光	新界社團聯會
M34	八鄉北	patheungnorth	2	tangyungyiuronnie	鄧鎔耀	獨立建制派
M35	八鄉南	patheungsouth	1	chuhoidickeddie	朱凱迪	土地正義聯盟
M35	八鄉南	patheungsouth	2	laiwaihung	黎偉雄	新界社團聯會
N01	聯和墟	luenwohui	1	lawsaiyan	羅世恩	民主黨
N01	聯和墟	luenwohui	2	tsanghinglung	曾興隆	民建聯
N01	聯和墟	luenwohui	3	liumingkin	劉明堅	自由黨
N02	粉嶺市	fanlingtown	1	wongchunning	黃晉靈	新思維
N02	粉嶺市	fanlingtown	2	pangchunsinggeorge	彭振聲	獨立建制派
N03	祥華	cheungwah	1	yipyiushingchris	葉曜丞	新界社團聯會
N03	祥華	cheungwah	2	chanyukming	陳旭明	民主黨
N03	祥華	cheungwah	3	wongkaho	黃嘉浩	北區動源/傘後組織
N03	祥華	cheungwah	4	yuenhoiwaifeder	阮海偉	不明確
N04	華都	wahdo	1	yiuming	姚銘	民建聯/新界社團聯會
N05	華明	wahming	1	laisum	賴心	民建聯
N05	華明	wahming	2	chanwaitat	陳惠達	新民主同盟
N06	欣盛	yanshing	1	laukwokfan	劉國勳	民建聯
N07	盛福	shingfuk	1	wanwotat	温和達	工聯會
N08	粉嶺南	fanlingsouth	1	hoshukwongraymond	何樹光	不明確
N08	粉嶺南	fanlingsouth	2	wongsingchi	黃成智	新思維
N09	清河	chingho	1	larmwaileung	藍偉良	民建聯
N10	御太	yutai	1	tsangkingchungkent	曾勁聰	工聯會
N10	御太	yutai	2	shekfongyau	石房有	獨立建制派
N10	御太	yutai	3	hauwingkongalvan	侯榮光	自由黨
N11	上水鄉郊	sheungshuirural	1	haukamlam	侯金林	民建聯
N11	上水鄉郊	sheungshuirural	2	haufuktatsimon	侯福達	鄉事派
N12	彩園	choiyuen	1	sosaichi	蘇西智	民建聯
N12	彩園	choiyuen	2	leungkamshingclarenceronald	梁金成	北區水貨客關注組
N13	石湖墟	shekwuhui	1	lauhonkin	劉匡健	不明確
N13	石湖墟	shekwuhui	2	wongyunkeungsimon	王潤強	民建聯
N13	石湖墟	shekwuhui	3	lamcheukting	林卓廷	民主黨
N14	天平西	tinpingwest	1	poontakwing	潘德榮	民主黨
N14	天平西	tinpingwest	2	wongwangto	黃宏滔	工聯會
N14	天平西	tinpingwest	3	leechinghei	李政熙	熱血公民
N15	鳳翠	fungtsui	1	yumankwong	余萬光	獨立民主派
N15	鳳翠	fungtsui	2	liukwokwah	廖國華	自由黨
N15	鳳翠	fungtsui	3	liuhinghung	廖興洪	民建聯
N16	沙打	shata	1	wanwofai	温和輝	民建聯
N16	沙打	shata	2	tsangyukon	曾玉安	鄉事派
N16	沙打	shata	3	cheungkwaichoi	張貴財	城鄉共生連線
N16	沙打	shata	4	chuoiping	朱愛平	獨立建制派
N17	天平東	tinpingeast	1	laukifung	劉其烽	民主黨
N17	天平東	tinpingeast	2	orsinyiwindy	柯倩儀	民建聯
N17	天平東	tinpingeast	3	yuchishingpaul	余智成	社區18
N18	皇后山	queenshill	1	tangkunnin	鄧根年	民建聯
P01	大埔墟	taipohui	1	likwokying	李國英	民建聯
P01	大埔墟	taipohui	2	choywingmuimolly	蔡咏梅	創新大埔/傘後組織
P02	大埔中	taipocentral	1	muisiufung	梅少峰	民建聯
P02	大埔中	taipocentral	2	auchunwah	區鎮樺	民主黨
P02	大埔中	taipocentral	3	manwaikeung	文偉強	不明確
P03	頌汀	chungting	1	luinok	雷諾	民主黨
P03	頌汀	chungting	2	tamwingfuneric	譚榮勳	民建聯
P04	大元	taiyuen	1	auchunho	區鎮濠	民主黨
P04	大元	taiyuen	2	chengchunping	鄭俊平	民建聯
P05	富亨	fuheng	1	wongchaupak	王秋北	民建聯
P05	富亨	fuheng	2	yammanchuen	任萬全	創新大埔/傘後組織
P06	怡富	yeefu	1	cheungfungyin	張鳳燕	民建聯
P06	怡富	yeefu	2	yamkaibong	任啟邦	新民主同盟
P07	富明新	fumingsun	1	kwanwingyip	關永業	新民主同盟
P07	富明新	fumingsun	2	chanyungwa	陳勇華	工聯會
P08	廣福及寶湖	kwongfuk&plovercove	1	wongpikkiu	黃碧嬌	民建聯
P08	廣福及寶湖	kwongfuk&plovercove	2	kwokshuyan	郭樹仁	不明確
P08	廣福及寶湖	kwongfuk&plovercove	3	chowbenjamin	周弘隆	不明確
P09	宏福	wangfuk	1	wookinmanclement	胡健民	民建聯
P09	宏福	wangfuk	2	mannimchi	文念志	民主黨
P10	大埔滘	taipokau	1	chansiukuen	陳笑權	新界社團聯會
P11	運頭塘	wantautong	1	chengwai	鄭煒	創新大埔/傘後組織
P11	運頭塘	wantautong	2	yuchiwing	余智榮	新界社團聯會
P12	新富	sanfu	1	kwokwingkin	郭永健	工黨/創新大埔
P12	新富	sanfu	2	lohiufung	羅曉楓	獨立建制派
P12	新富	sanfu	3	wukamfai	胡錦輝	不明確
P13	林村谷	lamtsuenvalley	1	wanyukwing	温玉榮	鄉事派
P13	林村谷	lamtsuenvalley	2	chancholeung	陳灶良	經民聯
P13	林村谷	lamtsuenvalley	3	lamchuncheung	林春祥	鄉事派
P14	寶雅	ponga	1	chowyuenwai	周炫瑋	新民主同盟
P14	寶雅	ponga	2	wongyungkan	黃容根	民建聯
P15	太和	taiwo	1	chengchunwo	鄭俊和	獨立建制派
P16	舊墟及太湖	oldmarket&serenity	1	lauyungwai	劉勇威	埔向晴天/傘後組織
P16	舊墟及太湖	oldmarket&serenity	2	cheungkwokwai	張國慧	民建聯
P17	康樂園	honglokyuen	1	manchenfai	文春輝	經民聯
P17	康樂園	honglokyuen	2	tangmingtaipatrick	鄧銘泰	鄉事派
P18	船灣	shuenwan	1	laucheesing	劉志成	新界社團聯會
P19	西貢北	saikungnorth	1	liwahkwongrex	李華光	經民聯
P19	西貢北	saikungnorth	2	leekwaiyauvictor	李貴有	鄉事派
Q01	西貢市中心	saikungcentral	1	cheungszekitalan	章士傑	不明確
Q01	西貢市中心	saikungcentral	2	ngszefuk	吳仕福	民建聯
Q02	白沙灣	pakshawan	1	powaiming	浦偉明	不明確/專業動力
Q02	白沙灣	pakshawan	2	hiewmoosiew	邱戊秀	民建聯
Q03	西貢離島	saikungislands	1	likaleung	李家良	民建聯
Q04	坑口東	hanghaueast	1	laumanchoinewman	劉敏財	獨立建制派
Q04	坑口東	hanghaueast	2	lauwaicheungpeter	劉偉章	新界社團聯會
Q05	坑口西	hanghauwest	1	luksauching	陸秀貞	專業動力
Q05	坑口西	hanghauwest	2	yauyuklun	邱玉麟	民建聯
Q06	寶怡	poyee	1	tsechingfung	謝正楓	民主黨
Q06	寶怡	poyee	2	ngshuetshan	吳雪山	工聯會
Q07	維景	waiking	1	wongshingkwong	黃成光	獨立民主派
Q07	維景	waiking	2	chankaiwai	陳繼偉	不明確
Q08	都善	doshin	1	soho	蘇浩	人民力量/前綫
Q08	都善	doshin	2	mokruby	莫繡安	獨立建制派
Q08	都善	doshin	3	shuenpakmanandrew	孫柏文	107動力
Q08	都善	doshin	4	cheungchinpang	張展鵬	將軍澳屋苑大聯盟
Q09	健明	kinming	1	chaukalok	周家樂	民建聯
Q09	健明	kinming	2	leungli	梁里	新民主同盟
Q10	彩健	choikin	1	ngjacob	吳東河	民建聯
Q10	彩健	choikin	2	homankitraymond	何民傑	107動力
Q11	澳唐	otong	1	auyeunghokwan	歐陽浩崑	不明確/專業動力
Q11	澳唐	otong	2	luimankwong	呂文光	新民主同盟
Q11	澳唐	otong	3	kowingluen	高永聯	工聯會
Q12	富君	fukwan	1	lukpingchoi	陸平才	獨立民主派
Q12	富君	fukwan	2	luikimho	呂劍豪	不明確
Q12	富君	fukwan	3	shekyuenhon	石遠康	不明確
Q13	軍寶	kwanpo	1	leekwokpui	李國培	不明確
Q13	軍寶	kwanpo	2	chanchinchun	陳展浚	獨立民主派
Q13	軍寶	kwanpo	3	leesunantony	李新	不明確
Q13	軍寶	kwanpo	4	wongtinyau	黃天佑	專業動力
Q13	軍寶	kwanpo	5	laimingchak	黎銘澤	新民主同盟
Q14	南安	namon	1	chauyinmingfrancis	周賢明	獨立民主派
Q14	南安	namon	2	yukaichun	余啟津	工聯會
Q15	康景	hongking	1	chankinchunken	陳健浚	新民黨/公民力量
Q15	康景	hongking	2	lamsiuchungfrankie	林少忠	民主黨
Q16	翠林	tsuilam	1	chanyuenpan	陳源彬	獨立民主派
Q16	翠林	tsuilam	2	tamlanny	譚領律	新民黨/公民力量
Q17	寶林	polam	1	auningfatalfred	區能發	新民黨/公民力量
Q17	寶林	polam	2	wonglokyin	黃樂然	自由黨
Q17	寶林	polam	3	cheungchitung	張志董	獨立民主派
Q18	欣英	yanying	1	yeunghochuen	楊浩泉	自由黨
Q18	欣英	yanying	2	chungkamlun	鍾錦麟	新民主同盟
Q18	欣英	yanying	3	liutszchungmichael	廖子聰	新民黨/公民力量
Q19	運亨	wanhang	1	sunwaikei	申偉基	獨立建制派
Q19	運亨	wanhang	2	fangarykwokwai	范國威	新民主同盟
Q19	運亨	wanhang	3	laitzewah	黎子華	不明確
Q20	景林	kinglam	1	wankaiming	温啟明	民建聯
Q20	景林	kinglam	2	lamwingyin	林咏然	民主黨
Q21	厚德	hautak	1	lingmanhoi	凌文海	民建聯
Q21	厚德	hautak	2	tsanghoman	曾浩文	民主黨
Q22	富藍	funam	1	chanyiuming	陳耀銘	獨立民主派
Q22	富藍	funam	2	chanpokchi	陳博智	民建聯
Q23	德明	takming	1	wanyuetcheung	温悅昌	新民黨/公民力量
Q24	尚德	sheungtak	1	choikinching	蔡乾正	獨立建制派
Q24	尚德	sheungtak	2	kansiukei	簡兆祺	工聯會
Q24	尚德	sheungtak	3	wongfai	黃輝	人民力量/前綫
Q25	廣明	kwongming	1	shihaukitsimon	舒孝傑	不明確
Q25	廣明	kwongming	2	choiminghei	蔡明禧	獨立民主派/將軍澳民生關注組
Q25	廣明	kwongming	3	chongyuentung	莊元苳	民建聯
Q26	環保北	wanponorth	1	chuitingpong	崔定邦	自由黨
Q26	環保北	wanponorth	2	fongkwokshanchristine	方國珊	專業動力
Q27	環保南	wanposouth	1	cheungmeihung	張美雄	專業動力
Q27	環保南	wanposouth	2	wucheukhim	胡綽謙	民建聯
R01	沙田市中心	shatintowncentre	1	wongchiyung	黃自勇	民建聯
R01	沙田市中心	shatintowncentre	2	waihingcheung	衞慶祥	獨立民主派
R02	瀝源	lekyuen	1	wongyuehon	黃宇翰	新民黨/公民力量
R02	瀝源	lekyuen	2	wonghoming	黃浩銘	社民連
R03	禾輋邨	wocheestate	1	yueshinmananna	余倩雯	民建聯
R03	禾輋邨	wocheestate	2	leewaifung	李煒鋒	人民力量
R03	禾輋邨	wocheestate	3	leetakwah	李德華	獨立建制派
R04	第一城	cityone	1	wongkawing	黃嘉榮	新民黨
R05	愉城	yueshing	1	leungkafai	梁家輝	新民黨/公民力量
R06	王屋	wonguk	1	leungchiwai	梁志偉	自由黨
R06	王屋	wonguk	2	laitszyan	黎梓恩	獨立民主派/傘後組織
R07	沙角	shakok	1	chanbillyshiuyeung	陳兆陽	新民主同盟
R07	沙角	shakok	2	yeungsinhung	楊倩紅	新民黨/公民力量
R08	博康	pokhong	1	chiuchupong	趙柱幫	新民主同盟
R08	博康	pokhong	2	chankwoktim	陳國添	新民黨/公民力量
R09	乙明	jatmin	1	chaupinghim	周秉謙	經民聯
R09	乙明	jatmin	2	yipkamingmichael	葉家明	新民黨/公民力量
R09	乙明	jatmin	3	yaumanchun	丘文俊	新民主同盟
R10	秦豐	chunfung	1	leungkawai	梁家瑋	新民黨/公民力量
R10	秦豐	chunfung	2	channokhang	陳諾恒	民主黨
R11	新田圍	suntinwai	1	lilokyan	李樂昕	工聯會
R11	新田圍	suntinwai	2	chingcheungying	程張迎	民主黨
R12	翠田	chuitin	1	huiyuiyu	許鋭宇	新民主同盟
R12	翠田	chuitin	2	wongchakpiuphilip	黃澤標	新民黨/公民力量
R13	顯嘉	hinka	1	lamchungyan	林松茵	新民黨/公民力量
R13	顯嘉	hinka	2	mokwaihung	莫偉雄	民主黨
R14	下城門	lowershingmun	1	tonghokleung	唐學良	新民黨/公民力量
R14	下城門	lowershingmun	2	leeyuenkam	李源錦	不明確
R14	下城門	lowershingmun	3	chongyiukansherman	莊耀勤	獨立建制派
R15	雲城	wanshing	1	wongleunghi	黃良喜	獨立民主派
R15	雲城	wanshing	2	cheungtakwing	張德榮	2047香港監察/傘後組織
R15	雲城	wanshing	3	hohaucheung	何厚祥	新民黨/公民力量
R16	徑口	kenghau	1	ngkamhung	吳錦雄	民主黨
R16	徑口	kenghau	2	hokwokwahgeorge	何國華	新民黨/公民力量
R17	田心	tinsum	1	punkwokshan	潘國山	新民黨/公民力量
R18	翠嘉	chuika	1	waitaklun	韋德麟	新民黨/公民力量
R18	翠嘉	chuika	2	leekamming	李錦明	獨立建制派
R18	翠嘉	chuika	3	lisaihung	李世鴻	新民主同盟
R19	大圍	taiwai	1	tungkinlei	董健莉	民建聯
R19	大圍	taiwai	2	leungchunhin	梁鎮軒	沙田社區網絡/傘後組織
R20	松田	chungtin	1	wonghoklai	黃學禮	沙田社區網絡/傘後組織
R20	松田	chungtin	2	loyuetchau	勞越洲	獨立建制派
R20	松田	chungtin	3	tangwingcheong	鄧永昌	新民黨/公民力量
R21	穗禾	suiwo	1	yauchikin	邱智堅	公民黨
R21	穗禾	suiwo	2	pangcheungwaithomas	彭長緯	民建聯
R21	穗禾	suiwo	3	lisuiha	李瑞霞	獨立民主派
R22	火炭	fotan	1	pongscarlettoilan	龐愛蘭	新論壇/公民力量
R22	火炭	fotan	2	chanmanfai	陳文煇	公民黨
R23	駿馬	chunma	1	howailok	何偉樂	自由黨
R23	駿馬	chunma	2	siuhinhong	蕭顯航	獨立建制派
R23	駿馬	chunma	3	chengwingchung	鄭榮宗	不明確
R24	頌安	chungon	1	quatelizabeth	葛珮帆	民建聯
R24	頌安	chungon	2	yipwing	葉榮	工黨
R25	錦濤	kamto	1	yeungmanyui	楊文鋭	民建聯
R25	錦濤	kamto	2	chankwokkeung	陳國強	獨立民主派
R26	馬鞍山市中心	maonshantowncentre	1	leechiwingalvin	李子榮	獨立建制派
R26	馬鞍山市中心	maonshantowncentre	2	manchiwai	文志偉	獨立民主派
R27	利安	leeon	1	makyunpui	麥潤培	獨立民主派
R27	利安	leeon	2	kongcheukwai	江卓偉	不明確
R27	利安	leeon	3	lotaisuenada	羅棣萱	民建聯
R28	富龍	fulung	1	tsangsolai	曾素麗	民主黨
R28	富龍	fulung	2	lawkwongkeung	羅光強	新民黨/公民力量
R29	烏溪沙	wukaisha	1	liwingshing	李永成	民主黨
R29	烏溪沙	wukaisha	2	siochanindevin	蕭震然	民建聯
R30	錦英	kamying	1	tongpochun	湯寶珍	經民聯
R30	錦英	kamying	2	lipomui	李寶妹	不明確
R30	錦英	kamying	3	tingtszyuen	丁仕元	民主黨
R30	錦英	kamying	4	lawsiuchun	羅兆冲	不明確
R31	耀安	yiuon	1	lisaiwing	李世榮	民建聯/新界社團聯會
R31	耀安	yiuon	2	cheungpikha	張碧霞	不明確
R32	恒安	hengon	1	lamtakwai	林德偉	工聯會
R32	恒安	hengon	2	chengtsukman	鄭則文	民主黨
R33	鞍泰	ontai	1	chiumanleong	招文亮	民建聯
R33	鞍泰	ontai	2	yauyuetwahdonna	游月華	民主黨
R34	大水坑	taishuihang	1	yungmingchaumichael	容溟舟	獨立民主派
R34	大水坑	taishuihang	2	cheungchiyin	張子賢	民建聯
R35	愉欣	yuyan	1	yiukachun	姚嘉俊	新民黨/公民力量
R36	碧湖	bikwoo	1	owenoimingemily	翁愛明	獨立民主派
R36	碧湖	bikwoo	2	wongpingfan	黃冰芬	民建聯
R36	碧湖	bikwoo	3	lauwailun	劉偉倫	經民聯
R37	廣康	kwonghong	1	choichunchiupaul	蔡振超	獨立建制派
R37	廣康	kwonghong	2	wongfusang	王虎生	民建聯
R37	廣康	kwonghong	3	ngwailing	吳惠靈	工黨
R38	廣源	kwongyuen	1	chanmankuen	陳敏娟	新民黨/公民力量
R38	廣源	kwongyuen	2	sungtszming	宋子明	工黨
S01	葵興	kwaihing	1	leungchishing	梁志成	街工
S01	葵興	kwaihing	2	leungchiho	梁志豪	工聯會
S02	葵盛東邨	kwaishingeastestate	1	chanyukling	陳玉玲	不明確
S02	葵盛東邨	kwaishingeastestate	2	mosangtung	巫辰冬	民建聯
S02	葵盛東邨	kwaishingeastestate	3	leungkwongcheong	梁廣昌	獨立建制派
S02	葵盛東邨	kwaishingeastestate	4	chowwaihungrayman	周偉雄	街工
S03	上大窩口	uppertaiwohau	1	lauchinpang	劉展鵬	工聯會
S03	上大窩口	uppertaiwohau	2	huikeicheung	許祺祥	民主黨
S04	下大窩口	lowertaiwohau	1	wongbingkuen	黃炳權	民主黨
S04	下大窩口	lowertaiwohau	2	cheungwaiman	張偉文	工聯會
S05	葵涌邨北	kwaichungestatenorth	1	leungkamwai	梁錦威	街工
S05	葵涌邨北	kwaichungestatenorth	2	leungkongming	梁崗銘	民建聯
S06	葵涌邨南	kwaichungestatesouth	1	leewangfung	李宏峯	民建聯
S06	葵涌邨南	kwaichungestatesouth	2	wongyuntat	黃潤達	街工
S07	石蔭	shekyam	1	lisailung	李世隆	民建聯
S07	石蔭	shekyam	2	wansiukinandrew	尹兆堅	民主黨
S08	安蔭	onyam	1	leungtszwingdennis	梁子穎	工聯會
S08	安蔭	onyam	2	leungwingkuen	梁永權	民主黨
S09	石籬南	shekleisouth	1	leungkwokwah	梁國華	民主黨
S09	石籬南	shekleisouth	2	ngkachiu	吳家超	新民黨
S10	石籬北	shekleinorth	1	lamsiufai	林紹輝	民主黨
S10	石籬北	shekleinorth	2	cheungipmei	張燁媚	民建聯
S11	大白田	taipaktin	1	kwokfuyung	郭芙蓉	民建聯
S11	大白田	taipaktin	2	tsuisanghungsammy	徐生雄	民主黨
S12	葵芳	kwaifong	1	leungyiuchung	梁耀忠	街工
S12	葵芳	kwaifong	2	chanmanluenying	陳萬聯應	勞聯
S13	華麗	wahlai	1	taipuishanchristabeldonna	戴沛珊	不明確
S13	華麗	wahlai	2	yuenkwokki	阮國基	不明確
S13	華麗	wahlai	3	wongyiuchung	黃耀聰	經民聯
S14	荔華	laiwah	1	chulailing	朱麗玲	民建聯
S15	祖堯	choyiu	1	pauminghong	鮑銘康	民建聯
S15	祖堯	choyiu	2	lowailan	盧慧蘭	經民聯
S15	祖堯	choyiu	3	chantakcheung	陳德章	社民連
S16	興芳	hingfong	1	leungkarming	梁嘉銘	民建聯
S16	興芳	hingfong	2	ngkimsing	吳劍昇	民主黨
S17	荔景	laiking	1	chowyikhay	周奕希	不明確
S18	葵盛西邨	kwaishingwestestate	1	laumeilo	劉美璐	工聯會
S18	葵盛西邨	kwaishingwestestate	2	leungchingshan	梁靜珊	街工
S19	安灝	onho	1	tamwaichun	譚惠珍	經民聯
S19	安灝	onho	2	lausiuhang	劉肇恒	民主黨
S20	偉盈	waiying	1	makmeikuen	麥美娟	工聯會
S21	青衣邨	tsingyiestate	1	chenghiuling	鄭曉玲	獨立建制派
S21	青衣邨	tsingyiestate	2	chiuchitue	趙哲妤	獨立建制派
S21	青衣邨	tsingyiestate	3	yulapon	余立安	不明確
S21	青衣邨	tsingyiestate	4	chansiumansimon	陳笑文	獨立民主派
S22	翠怡	greenfield	1	cheungwaichingclarice	張慧晶	新界社團聯會
S22	翠怡	greenfield	2	poonsiupingnancy	潘小屏	城鄉居民共和協會
S23	長青	cheungching	1	leechikeungalan	李志強	經民聯
S23	長青	cheungching	2	wongkwongmo	黃光武	民主黨
S24	長康	cheunghong	1	tsuihiukit	徐曉杰	新民黨
S25	盛康	shinghong	1	fumoonfongferdinand	傅滿芳	獨立民主派
S25	盛康	shinghong	2	leungwaiman	梁偉文	民建聯
S26	青衣南	tsingyisouth	1	ipyamshekjohnathan	葉荏碩	青年新政
S26	青衣南	tsingyisouth	2	poonchishing	潘志成	民建聯
S27	長亨	cheunghang	1	luikowai	雷可畏	獨立建制派
S27	長亨	cheunghang	2	lamlapchi	林立志	民主黨
S27	長亨	cheunghang	3	loyuenting	盧婉婷	民建聯
S27	長亨	cheunghang	4	halungwan	夏龍雲	不明確
S28	青發	chingfat	1	wongkinlong	黃健朗	不明確
S28	青發	chingfat	2	lauchikit	劉子傑	民主黨
S28	青發	chingfat	3	leehonsam	李漢森	青發生活關注組/傘後組織
S28	青發	chingfat	4	lamchuilingnancy	林翠玲	獨立建制派
S29	長安	cheungon	1	lawkingshing	羅競成	民建聯
S29	長安	cheungon	2	wongchunkit	黃俊傑	青年新政/傘後組織
S29	長安	cheungon	3	hochiwai	何志偉	民主黨
T01	大嶼山	lantau	1	yuhonkwan	余漢坤	鄉事派
T01	大嶼山	lantau	2	laukingcheung	劉敬彰	不明確/大嶼山之友
T01	大嶼山	lantau	3	yuenyukwah	袁玉華	不明確
T01	大嶼山	lantau	4	tamsaungor	譚秀娥	不明確
T02	逸東邨北	yattungestatenorth	1	leunghonwai	梁漢威	獨立民主派/傘後組織
T02	逸東邨北	yattungestatenorth	2	tangkapiu	鄧家彪	工聯會
T03	逸東邨南	yattungestatesouth	1	lokwongshingandy	老廣成	民建聯
T03	逸東邨南	yattungestatesouth	2	kwokping	郭平	民主黨
T04	東涌北	tungchungnorth	1	fuhiulamsammi	傅曉琳	新民黨
T04	東涌北	tungchungnorth	2	yuchuncheungpeter	余俊翔	公民黨
T05	東涌南	tungchungsouth	1	wongchunyeung	王進洋	東涌人/傘後組織
T05	東涌南	tungchungsouth	2	chowhodingholden	周浩鼎	民建聯
T06	愉景灣	discoverybay	1	chiutakwai	趙德威	獨立建制派
T06	愉景灣	discoverybay	2	yungwingsheungamy	容詠嫦	公民黨
T06	愉景灣	discoverybay	3	huziliang	胡子良	不明確
T07	坪洲及喜靈洲	pengchau&heilingchau	1	tsangsauho	曾秀好	獨立建制派
T08	南丫及蒲台	lamma&potoi	1	yulaifan	余麗芬	民建聯
T09	長洲南	cheungchausouth	1	lamkitsing	林潔聲	鄉事派
T09	長洲南	cheungchausouth	2	leungkwokho	梁國豪	不明確
T09	長洲南	cheungchausouth	3	kwongkoonwan	鄺官穩	經民聯
T10	長洲北	cheungchaunorth	1	leekwaichun	李桂珍	民建聯
T10	長洲北	cheungchaunorth	2	kwongwaikuen	鄺惠娟	不明確
